{
  "_format": "hh-sol-cache-2",
  "files": {
    "C:\\Users\\Radoslav Dimchev\\Desktop\\Blockchain-Development-SoftUni\\Smart-Contract-Security-Gas-Optimization-and-Design-Patterns\\crowdfunding-platform\\contracts\\CrowdfundingCampaign.sol": {
      "lastModificationDate": 1685458994890,
      "contentHash": "23db99580e82b03f406ea5df7a755f93",
      "sourceName": "contracts/CrowdfundingCampaign.sol",
      "solcConfig": {
        "version": "0.8.17",
        "settings": {
          "optimizer": {
            "enabled": false,
            "runs": 200
          },
          "outputSelection": {
            "*": {
              "*": [
                "abi",
                "evm.bytecode",
                "evm.deployedBytecode",
                "evm.methodIdentifiers",
                "metadata"
              ],
              "": [
                "ast"
              ]
            }
          }
        }
      },
      "imports": [
        "@openzeppelin/contracts/access/Ownable.sol",
        "@openzeppelin/contracts/token/ERC20/ERC20.sol"
      ],
      "versionPragmas": [
        "^0.8.9"
      ],
      "artifacts": [
        "CrowdfundingCampaign"
      ]
    },
    "C:\\Users\\Radoslav Dimchev\\Desktop\\Blockchain-Development-SoftUni\\Smart-Contract-Security-Gas-Optimization-and-Design-Patterns\\crowdfunding-platform\\contracts\\CrowdfundingPlatform.sol": {
      "lastModificationDate": 1685458897672,
      "contentHash": "647f54274420a2b7fe867f2f225df06a",
      "sourceName": "contracts/CrowdfundingPlatform.sol",
      "solcConfig": {
        "version": "0.8.17",
        "settings": {
          "optimizer": {
            "enabled": false,
            "runs": 200
          },
          "outputSelection": {
            "*": {
              "*": [
                "abi",
                "evm.bytecode",
                "evm.deployedBytecode",
                "evm.methodIdentifiers",
                "metadata"
              ],
              "": [
                "ast"
              ]
            }
          }
        }
      },
      "imports": [
        "@openzeppelin/contracts/utils/Counters.sol",
        "./CrowdfundingCampaign.sol"
      ],
      "versionPragmas": [
        "^0.8.9"
      ],
      "artifacts": [
        "CrowdfundingPlatform"
      ]
    },
    "C:\\Users\\Radoslav Dimchev\\Desktop\\Blockchain-Development-SoftUni\\Smart-Contract-Security-Gas-Optimization-and-Design-Patterns\\crowdfunding-platform\\node_modules\\@openzeppelin\\contracts\\access\\Ownable.sol": {
      "lastModificationDate": 1685342684378,
      "contentHash": "5a20b2cad87ddb61c7a3a6af21289e28",
      "sourceName": "@openzeppelin/contracts/access/Ownable.sol",
      "solcConfig": {
        "version": "0.8.17",
        "settings": {
          "optimizer": {
            "enabled": false,
            "runs": 200
          },
          "outputSelection": {
            "*": {
              "*": [
                "abi",
                "evm.bytecode",
                "evm.deployedBytecode",
                "evm.methodIdentifiers",
                "metadata"
              ],
              "": [
                "ast"
              ]
            }
          }
        }
      },
      "imports": [
        "../utils/Context.sol"
      ],
      "versionPragmas": [
        "^0.8.0"
      ],
      "artifacts": [
        "Ownable"
      ]
    },
    "C:\\Users\\Radoslav Dimchev\\Desktop\\Blockchain-Development-SoftUni\\Smart-Contract-Security-Gas-Optimization-and-Design-Patterns\\crowdfunding-platform\\node_modules\\@openzeppelin\\contracts\\token\\ERC20\\ERC20.sol": {
      "lastModificationDate": 1685342684262,
      "contentHash": "3ae5166c6827a9cf1a7a462d1632b464",
      "sourceName": "@openzeppelin/contracts/token/ERC20/ERC20.sol",
      "solcConfig": {
        "version": "0.8.17",
        "settings": {
          "optimizer": {
            "enabled": false,
            "runs": 200
          },
          "outputSelection": {
            "*": {
              "*": [
                "abi",
                "evm.bytecode",
                "evm.deployedBytecode",
                "evm.methodIdentifiers",
                "metadata"
              ],
              "": [
                "ast"
              ]
            }
          }
        }
      },
      "imports": [
        "./IERC20.sol",
        "./extensions/IERC20Metadata.sol",
        "../../utils/Context.sol"
      ],
      "versionPragmas": [
        "^0.8.0"
      ],
      "artifacts": [
        "ERC20"
      ]
    },
    "C:\\Users\\Radoslav Dimchev\\Desktop\\Blockchain-Development-SoftUni\\Smart-Contract-Security-Gas-Optimization-and-Design-Patterns\\crowdfunding-platform\\node_modules\\@openzeppelin\\contracts\\utils\\Context.sol": {
      "lastModificationDate": 1685342684229,
      "contentHash": "5f2c5c4b6af2dd4551027144797bc8be",
      "sourceName": "@openzeppelin/contracts/utils/Context.sol",
      "solcConfig": {
        "version": "0.8.17",
        "settings": {
          "optimizer": {
            "enabled": false,
            "runs": 200
          },
          "outputSelection": {
            "*": {
              "*": [
                "abi",
                "evm.bytecode",
                "evm.deployedBytecode",
                "evm.methodIdentifiers",
                "metadata"
              ],
              "": [
                "ast"
              ]
            }
          }
        }
      },
      "imports": [],
      "versionPragmas": [
        "^0.8.0"
      ],
      "artifacts": [
        "Context"
      ]
    },
    "C:\\Users\\Radoslav Dimchev\\Desktop\\Blockchain-Development-SoftUni\\Smart-Contract-Security-Gas-Optimization-and-Design-Patterns\\crowdfunding-platform\\node_modules\\@openzeppelin\\contracts\\token\\ERC20\\IERC20.sol": {
      "lastModificationDate": 1685342684336,
      "contentHash": "df36f7051335cd1e748b1b6463b7fdd3",
      "sourceName": "@openzeppelin/contracts/token/ERC20/IERC20.sol",
      "solcConfig": {
        "version": "0.8.17",
        "settings": {
          "optimizer": {
            "enabled": false,
            "runs": 200
          },
          "outputSelection": {
            "*": {
              "*": [
                "abi",
                "evm.bytecode",
                "evm.deployedBytecode",
                "evm.methodIdentifiers",
                "metadata"
              ],
              "": [
                "ast"
              ]
            }
          }
        }
      },
      "imports": [],
      "versionPragmas": [
        "^0.8.0"
      ],
      "artifacts": [
        "IERC20"
      ]
    },
    "C:\\Users\\Radoslav Dimchev\\Desktop\\Blockchain-Development-SoftUni\\Smart-Contract-Security-Gas-Optimization-and-Design-Patterns\\crowdfunding-platform\\node_modules\\@openzeppelin\\contracts\\token\\ERC20\\extensions\\IERC20Metadata.sol": {
      "lastModificationDate": 1685342684337,
      "contentHash": "909ab67fc5c25033fe6cd364f8c056f9",
      "sourceName": "@openzeppelin/contracts/token/ERC20/extensions/IERC20Metadata.sol",
      "solcConfig": {
        "version": "0.8.17",
        "settings": {
          "optimizer": {
            "enabled": false,
            "runs": 200
          },
          "outputSelection": {
            "*": {
              "*": [
                "abi",
                "evm.bytecode",
                "evm.deployedBytecode",
                "evm.methodIdentifiers",
                "metadata"
              ],
              "": [
                "ast"
              ]
            }
          }
        }
      },
      "imports": [
        "../IERC20.sol"
      ],
      "versionPragmas": [
        "^0.8.0"
      ],
      "artifacts": [
        "IERC20Metadata"
      ]
    },
    "C:\\Users\\Radoslav Dimchev\\Desktop\\Blockchain-Development-SoftUni\\Smart-Contract-Security-Gas-Optimization-and-Design-Patterns\\crowdfunding-platform\\node_modules\\@openzeppelin\\contracts\\utils\\Counters.sol": {
      "lastModificationDate": 1685342684230,
      "contentHash": "74654e3ae5d7f39555055dfe244dab7a",
      "sourceName": "@openzeppelin/contracts/utils/Counters.sol",
      "solcConfig": {
        "version": "0.8.17",
        "settings": {
          "optimizer": {
            "enabled": false,
            "runs": 200
          },
          "outputSelection": {
            "*": {
              "*": [
                "abi",
                "evm.bytecode",
                "evm.deployedBytecode",
                "evm.methodIdentifiers",
                "metadata"
              ],
              "": [
                "ast"
              ]
            }
          }
        }
      },
      "imports": [],
      "versionPragmas": [
        "^0.8.0"
      ],
      "artifacts": [
        "Counters"
      ]
    }
  }
}
